{
    "compressions": [
      "copy",
      "zstd",
      "varint+zstd",
      "roaring"
    ],
    "index_folder": "./index_data",
    "quantiles": {
      "A": [
        19.96506853691167,
        39.90445477463951,
        60.011748171008485,
        79.97741031367545
      ],
      "B": [
        19.938352624270994,
        39.958021875979995,
        59.9096409916394,
        79.88701098546673
      ],
      "C": [
        20.078321850196254,
        40.08980093570266,
        60.05086315601713,
        79.96367039622832
      ],
      "D": [
        19.88703891711525,
        39.867284952783024,
        59.954719578358834,
        79.91969790684874
      ],
      "E": [
        19.856687251381718,
        39.894072200105775,
        60.02204409082126,
        79.94114553971131
      ],
      "F": [
        19.922770507734707,
        40.015430245213444,
        59.99194649409942,
        79.90381240608971
      ],
      "G": [
        19.949775117450276,
        40.000551308927584,
        60.112048350742036,
        80.11713966421955
      ],
      "H": [
        19.992808912102365,
        40.09783872266434,
        60.044901755024966,
        80.03059255648458
      ],
      "I": [
        19.943305021082356,
        40.013705545447586,
        59.90935169282662,
        80.0258449147287
      ],
      "J": [
        20.012630800853902,
        39.94824541202429,
        59.97171297153451,
        79.90156516222099
      ]
    },
    "special_vals": {},
    "teams": [
      [
        "A",
        "E",
        "C"
      ],
      [
        "J",
        "D",
        "G"
      ],
      [
        "B",
        "I"
      ],
      [
        "F",
        "H"
      ]
    ]
  }
  